name;cena_bez_dph;dph
Mangoes;7406;10
Bread - Crusty Italian Poly;4080;10
Tofu - Soft;9584;15
Island Oasis - Wildberry;8110;21
Broom - Push;6949;15
Sauce - Vodka Blush;4383;15
Eggroll;5441;15
Sobe - Lizard Fuel;8419;15
Ostrich - Fan Fillet;3149;15
Lamb - Bones;573;15
Chocolate Eclairs;6675;21
Carroway Seed;532;10
Smoked Tongue;1678;15
Onion - Dried;6649;10
Beef - Striploin;480;10
Sauerkraut;566;10
Chinese Foods - Plain Fried Rice;1154;21
Beer - Alexander Kieths, Pale Ale;1949;10
Sultanas;9147;10
Pasta - Shells, Medium, Dry;1419;21
Scallops - U - 10;1372;15
Ezy Change Mophandle;4543;21
Honey - Liquid;1921;21
Rum - Spiced, Captain Morgan;8507;21
Wine - Magnotta - Belpaese;9880;15
Dill Weed - Fresh;6226;15
Ice - Clear, 300 Lb For Carving;3021;21
Mushroom - Trumpet, Dry;5988;21
Creme De Menthe Green;1999;10
Coke - Diet, 355 Ml;6278;10
Olives - Green, Pitted;5564;10
Tuna - Yellowfin;1906;15
Bread - Raisin Walnut Oval;5135;15
Vinegar - White Wine;3536;15
Syrup - Monin, Swiss Choclate;6097;21
Marjoram - Fresh;4096;10
Glass - Juice Clear 5oz 55005;2733;15
Rabbit - Legs;754;15
Sauce - Vodka Blush;1373;21
Wine - Winzer Krems Gruner;3620;15
Beer - Mill St Organic;4317;21
Turkey - Whole, Fresh;5825;21
Ecolab - Hand Soap Form Antibac;5355;15
Cardamon Ground;1230;15
Gherkin;4867;15
Flour - Teff;9825;21
Olive - Spread Tapenade;3076;15
Wine - Hardys Bankside Shiraz;1143;21
Sugar - Brown;4852;15
Sobe - Cranberry Grapefruit;4016;15
Wine - Jaboulet Cotes Du Rhone;2335;21
Juice - Pineapple, 341 Ml;9006;15
Chocolate Bar - Oh Henry;2247;10
Soup - Cream Of Broccoli, Dry;3875;21
Steam Pan - Half Size Deep;7159;15
Guava;3295;10
Chicken - Wings, Tip Off;3055;21
Rabbit - Frozen;6100;10
Wine - George Duboeuf Rose;2066;10
Cream - 18%;9489;15
Oven Mitt - 13 Inch;5966;21
Tea - Vanilla Chai;5476;21
Sauce - Soya, Dark;8076;21
Cheese - Fontina;7592;21
Beans - Green;779;10
Cheese - Comtomme;7164;21
Lamb - Leg, Diced;6925;21
Mortadella;6676;15
Beer - Blue;7055;10
Blueberries;6178;15
Canadian Emmenthal;9198;21
Pail - 4l White, With Handle;2917;15
Rice Paper;9142;15
Ecolab - Ster Bac;771;10
Broom Handle;5543;15
Sole - Iqf;5646;21
Pie Pecan;588;21
Mustard - Individual Pkg;3514;21
Beans - Turtle, Black, Dry;8419;21
Wine - Niagara Peninsula Vqa;7262;21
Mushroom - Crimini;4787;10
Table Cloth 81x81 Colour;7790;21
Beef - Tenderloin Tails;5133;21
Sparkling Wine - Rose, Freixenet;3893;10
Syrup - Golden, Lyles;8261;10
Cake - French Pear Tart;4769;10
Garbag Bags - Black;2336;10
Bread Country Roll;8541;10
Cheese - Cheddar, Medium;8904;10
Gatorade - Xfactor Berry;4784;15
Ecolab Digiclean Mild Fm;3584;10
Syrup - Monin, Irish Cream;1948;10
Pepper - Red, Finger Hot;5403;15
Sardines;1461;15
Pepper - Roasted Red;4290;10
Sword Pick Asst;4890;21
Carrots - Jumbo;3979;15
Cheese - Cheddar, Old White;8073;10
Beef - Outside, Round;8377;10
Calypso - Lemonade;2414;10
Vector Energy Bar;8502;21
Beef - Tender Tips;1674;21
Pork - Chop, Frenched;3714;21
Beer - Pilsner Urquell;4365;15
Wine - White, Mosel Gold;77;21
Lamb - Whole Head Off;9668;10
Mangostein;5154;15
Toamtoes 6x7 Select;5961;10
Soup - Campbells Bean Medley;8740;21
Persimmons;4409;15
Corn Syrup;299;21
Apples - Spartan;7057;15
Wine - Chateauneuf Du Pape;4420;21
Ecolab Silver Fusion;5288;15
Wine - Casillero Del Diablo;3726;21
Lettuce - Spring Mix;7534;15
Flour - Teff;8914;21
Pickle - Dill;3519;15
Salmon Steak - Cohoe 8 Oz;8869;21
Lettuce - Boston Bib - Organic;9524;10
Rum - Mount Gay Eclipes;6942;15
Eggplant - Asian;2295;21
Roe - Lump Fish, Black;3089;15
Pepper - Jalapeno;6263;21
Water - Perrier;1797;15
Pasta - Spaghetti, Dry;9360;10
Beer - Fruli;9231;21
Veal - Insides, Grains;1903;15
Flour Dark Rye;4888;15
Dip - Tapenade;6873;15
Vinegar - Tarragon;326;15
Monkfish Fresh - Skin Off;4258;21
Wine - Sicilia Igt Nero Avola;2173;21
Bowl 12 Oz - Showcase 92012;1711;10
Water - Spring Water 500ml;6230;21
Towel Multifold;991;10
Table Cloth 90x90 White;2330;21
Truffle Cups - White Paper;6422;15
Ecolab - Hand Soap Form Antibac;9198;15
Napkin - Beverage 1 Ply;5181;21
Water - Tonic;3714;21
Artichoke - Fresh;7285;10
Eel - Smoked;3565;15
Container - Clear 32 Oz;8111;21
Pepper - Pablano;2920;10
Beef - Tongue, Cooked;1281;10
Spice - Chili Powder Mexican;6398;10
Apple - Delicious, Golden;971;15
Shrimp - Baby, Cold Water;1026;10
Compound - Passion Fruit;5538;15
Clams - Bay;5890;21
Tomatoes - Plum, Canned;1724;15
Wine - Tribal Sauvignon;6754;15
Towel Multifold;2319;15
Soup - Campbells Mushroom;5529;15
The Pop Shoppe - Lime Rickey;2555;15
Yoplait Drink;2706;15
Pork - Tenderloin, Fresh;372;15
Carbonated Water - Raspberry;1376;10
Chicken - White Meat, No Tender;3962;10
Miso - Soy Bean Paste;3571;15
Veal - Liver;7702;10
Wine - Fontanafredda Barolo;4672;21
Wine - Stoneliegh Sauvignon;7425;15
Pasta - Shells, Medium, Dry;6187;21
Basil - Thai;5745;10
Wine - White, Chardonnay;6204;10
Cookie Trail Mix;8199;21
Soup - Beef, Base Mix;826;21
Limes;2315;15
Appetizer - Escargot Puff;3513;21
Onions - Red;7206;21
Pepper - Black, Ground;4914;21
Wine - Ruffino Chianti Classico;9759;10
Thyme - Lemon, Fresh;4769;21
Chicken - Leg, Boneless;2419;21
Thyme - Dried;1837;15
Vodka - Lemon, Absolut;925;21
Oil - Avocado;4164;15
Squid - Tubes / Tenticles 10/20;8637;10
Juice - Cranberry, 341 Ml;9997;15
Tart Shells - Sweet, 3;6924;21
Bread - Burger;1719;21
Oil - Safflower;210;15
Flour Pastry Super Fine;8142;21
Soup - Knorr, French Onion;970;10
Sauce - White, Mix;2262;21
Vinegar - White;7452;10
Table Cloth 54x54 Colour;1737;21
Cookies - Englishbay Chochip;8729;21
Water - Spring 1.5lit;2411;15
Beans - Kidney, Red Dry;14;15
Pie Shell - 9;308;10
Apron;9300;10
Mushroom - Chanterelle, Dry;9958;15
Asparagus - White, Canned;6468;21
Beef Tenderloin Aaa;506;21
Steel Wool;3746;10
Salmon - Atlantic, No Skin;7425;21
Butter - Pod;1789;10
Bagel - Sesame Seed Presliced;932;10
Danishes - Mini Cheese;8820;15
Cheese - Comte;360;15
Foil Wrap;6857;21
Lid Coffee Cup 8oz Blk;3811;10
Peas - Frozen;446;21
Carrots - Jumbo;6822;10
Sea Bass - Fillets;1598;21
Wine - Sake;2016;10
Oil - Food, Lacquer Spray;3669;21
Fudge - Chocolate Fudge;1951;21
Cheese - Cheddar, Mild;404;21
Pepsi, 355 Ml;7388;21
Compound - Raspberry;7040;15
Bar Special K;1027;15
Pickerel - Fillets;9694;15
Pepper - Cubanelle;5207;10
Wine - Tribal Sauvignon;4719;10
Milk - 2% 250 Ml;1139;10
Cassis;1204;21
Cheese - Pont Couvert;4158;10
Milk - Chocolate 250 Ml;8262;21
Horseradish - Prepared;5141;21
Wine - White, Antinore Orvieto;5837;10
Oil - Grapeseed Oil;898;10
Cheese Cheddar Processed;4916;10
Icecream - Dstk Cml And Fdg;3239;21
Flour - Fast / Rapid;9316;10
Muffin Chocolate Individual Wrap;7886;15
Water, Tap;1414;21
Sprouts - Baby Pea Tendrils;9310;21
Bar Special K;7998;10
Juice - Happy Planet;9789;10
Beans - Black Bean, Dry;6904;15
Sauce - Thousand Island;3084;10
Oil - Canola;6513;21
Potatoes - Parissienne;1579;21
Paper Towel Touchless;1776;15
Lettuce - Curly Endive;7458;21
Currants;4251;15
Rum - Light, Captain Morgan;9906;21
Boogies;1000;10
Turkey - Breast, Bone - In;2834;15
Trueblue - Blueberry 12x473ml;2225;21
Crab - Soft Shell;988;10
Yucca;3177;15
Lid Tray - 16in Dome;883;10
Rosemary - Fresh;1528;15
Lobster - Base;8670;10
Napkin White - Starched;1593;21
Oil - Cooking Spray;2548;15
Chicken - Whole;7078;15
Cake - Sheet Strawberry;2330;21
Soda Water - Club Soda, 355 Ml;8437;10
7up Diet, 355 Ml;266;21
Island Oasis - Raspberry;8967;21
Beans - Navy, Dry;4377;21
Oil - Olive Bertolli;4069;10
Soup Campbells Split Pea And Ham;7850;10
Pastry - Banana Muffin - Mini;4700;10
Wine - Chianti Classico Riserva;3225;15
Tart Shells - Savory, 2;5753;10
Appetizer - Chicken Satay;4898;15
Crackers - Water;862;21
Crab Brie In Phyllo;1637;10
Cup Translucent 9 Oz;8500;15
Strawberries;1558;10
Glass Clear 7 Oz Xl;2415;15
Baking Soda;453;21
Juice - Orangina;3545;21
Tomatoes;246;15
Vodka - Moskovskaya;5758;21
Sprouts - China Rose;5095;10
Wine - Red, Cabernet Merlot;1008;21
Tamarillo;1270;21
Pepper - Red Thai;4221;15
Doilies - 8, Paper;5021;21
Beans - Yellow;6797;21
Lid Coffee Cup 8oz Blk;6460;21
Chicken - Breast, 5 - 7 Oz;5340;21
Apricots - Halves;8630;15
Chocolate - Milk, Callets;7168;10
Sauce - Black Current, Dry Mix;3440;10
Raisin - Dark;2789;15
Strawberries - California;8339;15
Cheese - Provolone;2702;15
Wine - Magnotta - Red, Baco;4703;21
The Pop Shoppe Pinapple;8492;10
Turkey - Breast, Smoked;3965;10
Soup - Campbells, Cream Of;5097;15
Longos - Cheese Tortellini;1990;10
Pail - 4l White, With Handle;1205;15
Fish - Base, Bouillion;7888;15
Wine - Port Late Bottled Vintage;9509;21
Appetizer - Sausage Rolls;7129;15
Devonshire Cream;150;15
Wine - Red, Harrow Estates, Cab;8933;15
Fish - Soup Base, Bouillon;9400;21
Bagel - Everything;1274;21
Eggplant - Baby;5055;15
Chocolate - Semi Sweet, Calets;6902;15
Rabbit - Saddles;8826;10
Squeeze Bottle;8408;10
Slt - Individual Portions;5719;15
Jicama;5533;10
Sage - Ground;4251;10
V8 - Tropical Blend;4748;21
Mushroom - Enoki, Fresh;2970;21
Sherbet - Raspberry;4019;21
Aromat Spice / Seasoning;6343;21
Pike - Frozen Fillet;9890;15
Blue Curacao - Marie Brizard;2194;10
Garlic - Elephant;6376;21
Flax Seed;4674;15
Wine - Red Oakridge Merlot;478;10
Brandy Cherry - Mcguinness;4200;21
Fish - Base, Bouillion;8944;10
Pastry - Key Limepoppy Seed Tea;8130;10
Ginsing - Fresh;9033;15
Pike - Frozen Fillet;4919;21
Huck White Towels;1861;15
Hot Chocolate - Individual;71;21
Sauce - Bernaise, Mix;5365;15
Beef - Rib Roast, Capless;6919;10
Mushroom Morel Fresh;5216;10
Yoplait Drink;7747;10
Tomatoes - Diced, Canned;855;10
Juice - Apple, 1.36l;6804;10
Sea Bass - Fillets;9929;15
Wine - Barossa Valley Estate;5970;10
Tia Maria;9197;15
Tea - Orange Pekoe;9501;15
Beer - Original Organic Lager;4074;15
Cake Circle, Foil, Scallop;5649;21
Pepper - Chilli Seeds Mild;5085;21
Soup - Campbells Broccoli;3284;21
Mustard - Dijon;5665;10
Nut - Hazelnut, Whole;380;10
Sprite, Diet - 355ml;3770;21
Juice - Orangina;8138;15
Salmon - Whole, 4 - 6 Pounds;6419;10
Yogurt - Plain;3461;21
Sprouts - Baby Pea Tendrils;5591;21
Vegetable - Base;7121;15
Lettuce Romaine Chopped;3486;10
Carbonated Water - Wildberry;3970;15
Tahini Paste;2322;21
Rolled Oats;624;15
Beer - Sleemans Honey Brown;2526;15
Whmis Spray Bottle Graduated;6426;15
Coffee - Cafe Moreno;847;15
Flower - Commercial Spider;9891;21
Bread - Bistro Sour;4329;10
Tomato - Tricolor Cherry;2770;10
Wine - Sauvignon Blanc;5111;10
Snails - Large Canned;3520;15
Pasta - Bauletti, Chicken White;7796;10
Muffin Mix - Banana Nut;4386;10
Icecream - Dstk Strw Chseck;3135;21
Bagel - Ched Chs Presliced;4964;21
Chocolate - Semi Sweet;5464;15
Cape Capensis - Fillet;5843;10
Tomatoes - Cherry, Yellow;8419;10
Salami - Genova;2904;21
Lamb - Whole Head Off;1852;15
Gatorade - Cool Blue Raspberry;9972;10
Cleaner - Bleach;8648;15
Water - Tonic;4759;10
Rambutan;467;15
Milk - 2% 250 Ml;8014;15
Muffin - Banana Nut Individual;4725;15
Nut - Walnut, Pieces;6685;15
Godiva White Chocolate;4998;10
Flavouring - Rum;5320;15
Pepper - Cayenne;2855;21
Sauce - Chili;3756;10
Steam Pan Full Lid;2203;15
Vodka - Smirnoff;2608;15
Olives - Stuffed;5930;10
Yucca;7960;15
Five Alive Citrus;3845;15
Potatoes - Parissienne;3443;15
Transfer Sheets;3916;15
Praline Paste;2698;21
Allspice - Jamaican;2226;15
Lid Tray - 12in Dome;4762;21
Bread Bowl Plain;4913;15
Cloves - Whole;2226;10
Champagne - Brights, Dry;9102;10
Lettuce - Arugula;7154;21
Cinnamon Buns Sticky;1615;21
Sugar - Individual Portions;5879;10
Mushroom - Crimini;7990;10
Octopus - Baby, Cleaned;2133;10
Sauce - Bernaise, Mix;3222;10
Muskox - French Rack;8882;15
Dish Towel;7901;10
Pastry - French Mini Assorted;9217;21
Beef - Striploin;4426;15
Onions - Cooking;5362;21
Bagelers - Cinn / Brown;7278;21
Ice Cream - Chocolate;742;21
Squid - U 5;9325;10
Sword Pick Asst;4083;21
Flavouring - Rum;1506;21
Cakes Assorted;9790;15
Bagel - Sesame Seed Presliced;7879;15
Cream - 18%;5288;10
Muffin - Mix - Mango Sour Cherry;5242;15
Croissant, Raw - Mini;9554;21
Flower - Dish Garden;3168;21
Shopper Bag - S - 4;6069;15
Ice Cream - Strawberry;6858;10
Soup - Beef, Base Mix;8277;15
Cake Circle, Foil, Scallop;1183;10
Vodka - Moskovskaya;7119;15
Figs;983;15
Halibut - Steaks;8251;21
Nut - Pine Nuts, Whole;50;21
Wine - Jafflin Bourgongone;4649;10
Yogurt - Strawberry, 175 Gr;1576;21
Lettuce - Romaine, Heart;4433;21
Flour - Fast / Rapid;9769;15
Sausage - Meat;8445;10
Tomatoes - Cherry;7566;21
Tia Maria;1602;15
Soup - Campbells Broccoli;5408;10
Vol Au Vents;6381;15
Longos - Penne With Pesto;6194;15
Nut - Peanut, Roasted;3710;21
Vaccum Bag - 14x20;4493;15
Chocolate Liqueur - Godet White;1180;10
Soup - Beef Conomme, Dry;875;10
Wine - Red, Gamay Noir;555;10
Bagels Poppyseed;935;15
Beef - Tender Tips;988;15
Hickory Smoke, Liquid;8270;10
Soup - Knorr, Classic Can. Chili;883;15
Smirnoff Green Apple Twist;4911;15
Shrimp - 31/40;4844;15
Muffin Batt - Ban Dream Zero;3481;21
The Pop Shoppe - Lime Rickey;565;15
Instant Coffee;1351;10
Wine - Remy Pannier Rose;4821;10
Mustard - Dry, Powder;1407;15
Veal - Insides, Grains;5066;10
Cranberries - Dry;3193;15
Foam Dinner Plate;124;15
Pork - Sausage, Medium;1326;15
Beer - Maudite;9332;10
Beans - Kidney White;9129;15
Water - San Pellegrino;3557;15
Wine - Red, Colio Cabernet;7274;10
Chocolate - Compound Coating;6829;15
Ecolab Silver Fusion;8002;10
Bread - English Muffin;7155;15
Appetizer - Spring Roll, Veg;9103;10
Cookies - Amaretto;8774;10
Nantucket - Pomegranate Pear;9969;21
Bread - Pumpernickel;717;15
Tea - Green;2362;10
Pepperoni Slices;4025;21
Coffee Guatemala Dark;366;21
Glove - Cutting;461;10
Squid Ink;1089;10
C - Plus, Orange;3889;21
Muskox - French Rack;1259;21
Artichoke - Hearts, Canned;2676;21
Chinese Foods - Thick Noodles;9875;10
Bread - White Epi Baguette;3919;21
Huck Towels White;5660;15
Duck - Whole;9959;10
Bandage - Fexible 1x3;5622;21
Beer - Sleemans Honey Brown;874;21
French Kiss Vanilla;2258;10
Cheese - Cheddar With Claret;9529;21
Salsify, Organic;5656;10
Juice - Orange, Concentrate;649;10
Clementine;2009;10
Bread Base - Toscano;1460;10
Snapple Lemon Tea;5433;21
Beer - Labatt Blue;5857;21
Chocolate - Liqueur Cups With Foil;3447;21
Spic And Span All Purpose;1169;21
Pastrami;2831;10
Flower - Carnations;1778;15
Salmon - Smoked, Sliced;4728;15
Extract - Almond;2003;21
Star Fruit;2825;21
Ice Cream Bar - Rolo Cone;578;10
Wine - Duboeuf Beaujolais;4075;21
Chocolate - Semi Sweet, Calets;341;15
Veal - Loin;2486;21
Garam Masala Powder;2458;10
Arctic Char - Fresh, Whole;7688;15
Sauce - Alfredo;3091;15
Bar - Granola Trail Mix Fruit Nut;782;15
Zucchini - Yellow;2273;10
Bar Mix - Pina Colada, 355 Ml;699;10
Jam - Strawberry, 20 Ml Jar;8927;10
Raisin - Golden;7471;10
Chicken - Breast, 5 - 7 Oz;7517;10
Peach - Halves;700;15
Curry Powder;9963;15
Wine - White, Ej Gallo;9494;10
Beans - Black Bean, Canned;949;15
Tart - Lemon;4769;15
Cheese - Havarti, Salsa;6635;21
Pepper - Yellow Bell;7651;21
Oil - Food, Lacquer Spray;9657;21
Vinegar - Rice;6162;21
Oil - Sesame;8362;10
Lemonade - Strawberry, 591 Ml;9929;10
Salt - Seasoned;3778;10
Ice Cream Bar - Drumstick;3558;10
Milk - Homo;3224;10
Octopus;6561;10
Sherry - Dry;8378;21
Crackers - Graham;3416;15
Wine - Zonnebloem Pinotage;7004;21
Bagelers;5599;15
Lotus Root;7984;15
Lemon Balm - Fresh;2360;10
Pork - European Side Bacon;8526;10
Snapple Lemon Tea;7099;15
Halibut - Fletches;7553;15
Chocolate Bar - Oh Henry;9177;10
Chicken - Whole;4565;15
Oil - Safflower;6119;10
Gherkin - Sour;512;21
Soup - Knorr, French Onion;5599;10
Pork - Belly Fresh;8676;15
Mushroom - Porcini, Dry;6365;10
Apple - Delicious, Red;2597;15
Wanton Wrap;691;15
Cheese - Goat With Herbs;8056;15
Mousse - Mango;2472;21
Pepper - Red Chili;6869;21
Oregano - Fresh;3227;21
Wine - Bouchard La Vignee Pinot;8017;10
Mustard - Dry, Powder;2461;10
Tobasco Sauce;7688;15
Shrimp - 100 / 200 Cold Water;2534;21
Napkin - Dinner, White;9551;10
Vinegar - Balsamic;7150;10
Wine - Ruffino Chianti Classico;4914;10
Vinegar - Red Wine;7874;10
Rum - Dark, Bacardi, Black;1629;10
Nantucket - Orange Mango Cktl;4681;21
Salmon - Atlantic, Fresh, Whole;7326;10
Pork - Side Ribs;1152;10
Beef - Salted;2699;10
Pork - Back, Short Cut, Boneless;4480;15
Soap - Mr.clean Floor Soap;6645;15
Silicone Paper 16.5x24;6348;10
Mustard - Dry, Powder;635;15
Parsley - Dried;8953;21
Beef - Baby, Liver;1350;15
Bread - Raisin;1283;10
Soup - Campbells, Minestrone;9516;21
Lemonade - Black Cherry, 591 Ml;8042;15
Herb Du Provence - Primerba;6888;21
Pastry - Chocolate Chip Muffin;3772;10
Bok Choy - Baby;5578;10
Truffle Cups - Brown;7456;21
Kellogs Cereal In A Cup;5399;15
Liquid Aminios Acid - Braggs;3275;10
Juice - Mango;3954;10
Jam - Blackberry, 20 Ml Jar;6743;21
Sea Bass - Whole;2555;21
Beer - Blue;4390;10
Wine - Jackson Triggs Okonagan;6378;21
Capers - Ox Eye Daisy;1014;21
Coconut - Shredded, Sweet;7582;15
Extract - Rum;8775;21
Cheese - Gouda;1881;21
Cheese - Cream Cheese;8746;21
Chocolate Eclairs;41;21
Petit Baguette;393;10
Nut - Almond, Blanched, Ground;5201;10
Beer - Heinekin;1974;10
Caviar - Salmon;5859;21
Seedlings - Mix, Organic;1015;21
Teriyaki Sauce;8105;21
Soup Campbells - Italian Wedding;2641;15
Muffin Batt - Choc Chk;1956;15
Yogurt - French Vanilla;2465;10
Cheese - Wine;9982;21
Broom - Angled;9711;21
Sweet Pea Sprouts;1995;10
Mushroom - Chanterelle, Dry;1757;15
Isomalt;3696;10
Soap - Mr.clean Floor Soap;4250;10
Flour - Strong;1442;10
Wine - Chateauneuf Du Pape;2625;21
The Pop Shoppe - Black Cherry;4498;10
Pate - Peppercorn;1973;15
Soup - Campbells Tomato Ravioli;7477;15
Iced Tea - Lemon, 340ml;8618;10
Puree - Pear;6584;10
Parsley Italian - Fresh;3579;10
Okra;2395;15
Lid Tray - 12in Dome;7372;10
Beer - Mill St Organic;3981;15
Glaze - Apricot;8994;10
Basil - Thai;5337;15
Clams - Littleneck, Whole;7631;21
Tart Shells - Savory, 2;1262;21
Beans - Soya Bean;8515;15
Papayas;1230;21
Soup - Tomato Mush. Florentine;6248;15
Pork - Tenderloin, Frozen;8285;10
Soup - Knorr, French Onion;6225;15
Wine - Pinot Noir Mondavi Coastal;4304;21
Cookies - Englishbay Wht;5332;21
Cheese Cloth No 100;3561;10
Pepper - Chipotle, Canned;92;21
Coffee - Irish Cream;290;15
Cheese - Romano, Grated;6689;15
Turkey - Whole, Fresh;4703;21
Chocolate - Milk;7299;10
Beer - Maudite;3863;15
Juice - Apple, 500 Ml;7392;21
Cheese - Comtomme;3276;21
Dawn Professionl Pot And Pan;9274;10
Syrup - Monin, Irish Cream;3274;15
Tomatillo;2738;15
Cake - Pancake;429;15
Onions - Spanish;4863;15
Filling - Mince Meat;2866;15
Muffin Mix - Raisin Bran;209;21
Chips - Doritos;5664;10
Wine - Pinot Noir Stoneleigh;9249;21
Ecolab - Hobart Washarm End Cap;8450;10
Apricots - Dried;3313;21
Beef - Rib Eye Aaa;5245;21
Garbage Bag - Clear;2970;15
Sambuca Cream;4493;10
Salt - Kosher;5233;15
Beans - Fava Fresh;1954;21
Fuji Apples;3777;15
Muffin Batt - Ban Dream Zero;4565;21
Calypso - Strawberry Lemonade;2511;10
Cookie Dough - Chunky;8127;15
Lamb - Racks, Frenched;8462;10
Alize Gold Passion;165;10
Foam Dinner Plate;212;10
Beef - Top Butt;639;15
Soup V8 Roasted Red Pepper;5616;15
Pastry - Chocolate Marble Tea;1265;21
Flour - Buckwheat, Dark;4080;15
Raisin - Golden;9583;10
Coffee Swiss Choc Almond;6577;15
Rice - Basmati;1819;15
V8 Splash Strawberry Kiwi;4398;15
Table Cloth 62x114 Colour;8956;10
Chocolate - White;5527;10
Beef - Texas Style Burger;5463;10
Veal - Kidney;2219;15
Squash - Butternut;1855;15
Octopus - Baby, Cleaned;1831;10
Muffin Batt - Blueberry Passion;3900;21
Bacardi Limon;1239;10
Dehydrated Kelp Kombo;9512;10
Appetizer - Mini Egg Roll, Shrimp;578;15
Sprouts - Bean;3990;15
Quail - Jumbo;8399;21
Alize Red Passion;5500;15
Canadian Emmenthal;891;21
Amaretto;2085;15
Pineapple - Regular;6086;15
Anisette - Mcguiness;1936;21
Alize Sunset;935;15
Wine - Muscadet Sur Lie;1171;15
Bar Mix - Lemon;159;10
Oil - Olive Bertolli;236;15
Blueberries - Frozen;4118;15
Yams;9403;15
Mushroom - Porcini Frozen;8902;15
Salmon - Atlantic, Skin On;8413;15
Pumpkin;5443;10
Mushroom - King Eryingii;5059;10
Oranges - Navel, 72;7498;15
Bread - Bagels, Mini;1281;10
Hummus - Spread;4651;10
Coffee - French Vanilla Frothy;3800;10
Lettuce - Iceberg;8152;15
Black Currants;8447;21
Pasta - Orecchiette;5347;15
Kumquat;6083;10
Veal - Knuckle;3101;10
Mini - Vol Au Vents;2795;10
Muffin Hinge - 211n;4119;15
Wine - Charddonnay Errazuriz;5880;10
Bread - White, Unsliced;2206;21
Nacho Chips;4054;21
V8 Splash Strawberry Banana;8384;10
Beef - Tenderloin Tails;4301;21
Red Currants;3309;10
Bag - Regular Kraft 20 Lb;4172;21
Appetizer - Mushroom Tart;8285;15
Bread - Roll, Italian;887;15
Herb Du Provence - Primerba;2640;10
Wakami Seaweed;9537;10
Monkfish - Fresh;876;21
Wine - Ej Gallo Sierra Valley;8213;15
Compound - Orange;4272;21
Lamb - Loin, Trimmed, Boneless;9368;10
Nantucket Orange Juice;7587;21
Eggplant - Asian;5278;21
Chips Potato Reg 43g;1484;21
Pastry - Trippleberry Muffin - Mini;1382;15
Nutmeg - Ground;7422;10
Lemonade - Black Cherry, 591 Ml;28;21
Lemonade - Kiwi, 591 Ml;6576;10
Sauce - Soy Low Sodium - 3.87l;9971;21
Bar - Sweet And Salty Chocolate;2017;10
Anchovy Fillets;9059;10
Watercress;5004;10
Tomatoes - Heirloom;2295;10
Wine - Crozes Hermitage E.;5356;21
Gelatine Powder;9650;15
Sauce - Roasted Red Pepper;1059;15
Goat - Whole Cut;7319;15
Sterno - Chafing Dish Fuel;6039;10
Puree - Strawberry;450;21
Rum - Coconut, Malibu;2448;10
Pasta - Rotini, Colour, Dry;3027;10
Salt And Pepper Mix - Black;2937;15
Pepper Squash;1307;15
Wine - Mas Chicet Rose, Vintage;6245;10
Lemonade - Pineapple Passion;5939;21
Eggplant Italian;1648;10
Chicken - Livers;8763;15
Wine - Guy Sage Touraine;2692;15
Sobe - Lizard Fuel;685;15
Bread - Granary Small Pull;8141;10
Veal - Insides, Grains;8484;15
Wine - Guy Sage Touraine;2887;21
Snapple Lemon Tea;3477;10
Cream Of Tartar;3274;15
Cornstarch;7920;15
Mustard - Seed;2305;10
Cake - Mini Cheesecake;8470;10
Bread - Multigrain;543;15
Flour - Masa De Harina Mexican;5494;10
Wine - Chateauneuf Du Pape;1082;15
Cheese - Perron Cheddar;1328;21
Bouillion - Fish;1393;21
Skewers - Bamboo;6978;15
Steampan Lid;2533;21
Asparagus - White, Canned;8373;10
Tea - Lemon Scented;3260;15
Juice - Pineapple, 48 Oz;7464;10
Orange - Canned, Mandarin;312;15
Eggplant - Regular;2675;15
Cheese - Grie Des Champ;6447;21
Table Cloth 62x120 Colour;7544;10
Turnip - Mini;6340;10
Tea Peppermint;3150;15
Sage - Ground;5020;21
Lobster - Tail 6 Oz;1141;10
Pepper - Yellow Bell;2192;15
Whmis - Spray Bottle Trigger;7316;21
Grapefruit - White;2897;15
Cheese - Goat;7486;21
Tart Shells - Savory, 3;6852;15
Pork Ham Prager;7486;15
Pasta - Fusili Tri - Coloured;3070;15
Iced Tea - Lemon, 340ml;2228;15
Wine - Red, Wolf Blass, Yellow;8634;21
Wine - Sogrape Mateus Rose;5490;15
Breakfast Quesadillas;692;21
Muffin Mix - Carrot;7214;10
Pomello;778;15
Lamb Shoulder Boneless Nz;477;15
Apple - Custard;4174;10
Coffee - Irish Cream;8087;15
Juice - Ocean Spray Kiwi;4945;10
Nut - Almond, Blanched, Ground;9768;21
Sauce - Roasted Red Pepper;7870;15
Sproutsmustard Cress;8844;15
Cheese - Mix;5472;15
Tray - 16in Rnd Blk;3985;15
Carbonated Water - White Grape;2197;21
Momiji Oroshi Chili Sauce;3523;15
Cake - Cheese Cake 9 Inch;7795;10
Soup Campbells Split Pea And Ham;9381;15
Tart - Lemon;4564;10
Cheese - Goat;6001;10
Lamb - Loin Chops;648;15
Fenngreek Seed;4520;21
Pesto - Primerba, Paste;6276;21
Sea Urchin;5021;21
Cleaner - Lime Away;7366;15
Flour Pastry Super Fine;4712;15
Table Cloth 62x114 Colour;1286;10
Chocolate - Feathers;4332;15
Plate Foam Laminated 9in Blk;6961;10
Soup Bowl Clear 8oz92008;9552;10
Ketchup - Tomato;1385;15
Graham Cracker Mix;8254;21
Wine - Bouchard La Vignee Pinot;1895;10
Veal - Brisket, Provimi,bnls;7087;21
Chicken Thigh - Bone Out;3775;10
Thyme - Fresh;6261;21
Tofu - Firm;2548;21
Pepper - Black, Ground;7275;21
Crab - Meat Combo;2767;15
Mushroom - Lg - Cello;8215;15
Steam Pan Full Lid;2060;15
Beef - Cooked, Corned;3481;15
Soup - Campbells Tomato Ravioli;1649;21
Tea - Mint;5970;21
Squash - Butternut;4121;10
Veal - Leg, Provimi - 50 Lb Max;1610;21
Carbonated Water - White Grape;4459;21
Soup - Campbells Beef Noodle;871;15
Cookies - Englishbay Oatmeal;2421;21
Ketchup - Tomato;2767;15
Lamb - Leg, Diced;3481;10
Venison - Striploin;5610;15
Beer - Original Organic Lager;3725;21
Compound - Passion Fruit;2;21
Sandwich Wrap;9207;21
Chocolate Bar - Oh Henry;7688;21
Bread - Onion Focaccia;373;15
Sausage - Chorizo;1445;21
Napkin White;6079;15
Assorted Desserts;7774;10
Vinegar - Rice;6942;10
Onions Granulated;3639;15
Wine - Rosso Del Veronese Igt;6666;15
Tart Shells - Savory, 3;5609;21
Rosemary - Fresh;6743;21
Chocolate - Dark;2387;15
Crackers - Graham;5676;10
Crab - Imitation Flakes;3218;15
Clementine;9372;15
Cotton Wet Mop 16 Oz;6558;15
Pepper - Green;3324;15
Ecolab Digiclean Mild Fm;2519;15
Mackerel Whole Fresh;5020;15
Oil - Grapeseed Oil;3137;21
Muffin Batt - Carrot Spice;1491;15
Cakes Assorted;2029;10
Oil - Macadamia;8974;10
Campari;4165;15
Veal - Kidney;5310;15
Capon - Breast, Wing On;603;15
Chinese Foods - Cantonese;9530;21
Veal - Bones;4674;10
Cognac - Courvaisier;6564;15
Wine - Rosso Del Veronese Igt;6724;10
Gatorade - Xfactor Berry;7606;15
Pepper - White, Ground;9833;21
Soup - Campbells, Beef Barley;8395;15
Fuji Apples;8617;10
Pants Custom Dry Clean;3994;15
Chicken - Livers;7993;21
Apricots Fresh;2593;10
Table Cloth 72x144 White;8870;21
Lemonade - Island Tea, 591 Ml;4689;10
Bowl 12 Oz - Showcase 92012;303;15
Tart - Raisin And Pecan;4873;15
Milk - 2% 250 Ml;8275;15
Garlic - Peeled;6596;21
Potatoes - Idaho 80 Count;1969;15
Wiberg Cure;3037;10
Beef - Diced;8854;10
Soup - Campbells, Cream Of;8868;10
Jam - Marmalade, Orange;818;15
Ecolab - Power Fusion;7950;21
Beef - Top Sirloin;6250;15
Wine - Conde De Valdemar;1201;10
Cornstarch;5650;15
Wine - Chardonnay Mondavi;6894;21
Muffin Mix - Corn Harvest;3336;21
Cinnamon Rolls;4603;15
Pork - Suckling Pig;2213;10
Straws - Cocktale;5069;10
Bar - Granola Trail Mix Fruit Nut;4956;21
Napkin - Cocktail,beige 2 - Ply;3535;10
Island Oasis - Mango Daiquiri;5638;15
Milk - Homo;9892;15
Red Snapper - Fillet, Skin On;8886;15
Steampan - Half Size Shallow;4353;10
Iced Tea - Lemon, 340ml;7509;21
Nantucket Pine Orangebanana;4189;10
Paper - Brown Paper Mini Cups;3609;15
Clams - Bay;8564;21
Petite Baguette;5039;10
Wine - White, Chardonnay;4693;15
Extract - Almond;2107;15
Egg - Salad Premix;8162;10
Filling - Mince Meat;8321;21
Food Colouring - Orange;2989;15
Shrimp - 16 - 20 Cooked, Peeled;5909;15
Flower - Carnations;8025;10
Oven Mitt - 13 Inch;6985;21
Wine - Clavet Saint Emilion;2795;15
Nut - Hazelnut, Whole;7101;10
Tendrils - Baby Pea, Organic;9876;21
Wine - Segura Viudas Aria Brut;2815;15
Chicken - Leg, Fresh;7622;15
Salmon - Atlantic, Skin On;2053;15
Toamtoes 6x7 Select;6011;15
Calvados - Boulard;713;21
Urban Zen Drinks;3847;10
Wine - Cousino Macul Antiguas;4915;15
Capon - Breast, Double, Wing On;9767;10
Tart - Butter Plain Squares;1836;15
Wine - White, French Cross;2099;15
Salt - Celery;5279;15
Wine - Harrow Estates, Vidal;5938;10
Rice Wine - Aji Mirin;4757;15
Pears - Fiorelle;605;21
Cheese - Fontina;9844;10
Sugar - Palm;5134;10
Shrimp - 16 - 20 Cooked, Peeled;8853;10
Wine - Red, Mouton Cadet;5533;10
Beer - Corona;9135;21
Beef - Tenderlion, Center Cut;6920;21
Lamb - Leg, Boneless;8634;21
Stock - Chicken, White;7499;10
Bread Base - Gold Formel;876;15
Calypso - Lemonade;6850;15
Pasta - Canelloni, Single Serve;7321;15
Tea - Lemon Green Tea;1998;21
Ice Cream Bar - Drumstick;3918;21
Apricots Fresh;534;10
Chocolate - Semi Sweet;6685;21
Duck - Legs;8943;10
Cheese - Cheddar, Old White;1823;21
Capon - Whole;423;10
Cheese - Augre Des Champs;7929;15
Brocolinni - Gaylan, Chinese;3844;15
Chutney Sauce - Mango;6666;10
Beef - Ox Tongue, Pickled;8729;10
Beer - Steamwhistle;519;15
Chicken - Ground;5897;10
Wine - Charddonnay Errazuriz;917;15
Water - Mineral, Natural;192;10
Chutney Sauce;5212;10
Apples - Spartan;7822;10
Wine - Merlot Vina Carmen;1851;10
Plate Foam Laminated 9in Blk;230;21
The Pop Shoppe - Black Cherry;6888;15
Cheese - Brick With Onion;6521;10
Oil - Shortening,liqud, Fry;1997;15
Cookies - Oreo, 4 Pack;8669;21
Wine - Red, Pinot Noir, Chateau;3319;21
Beef - Roasted, Cooked;4725;15
Taro Root;3771;15
Pepper - Chilli Seeds Mild;5879;21
Pasta - Linguini, Dry;6056;15
Flour - Masa De Harina Mexican;9917;10
Yogurt - Peach, 175 Gr;6512;21
Beer - Mill St Organic;817;10
Kellogs All Bran Bars;953;15
Danishes - Mini Raspberry;4607;21
Schnappes Peppermint - Walker;8978;10
Sobe - Cranberry Grapefruit;8370;21
Sprouts - China Rose;2256;10
Tahini Paste;4019;10
Oregano - Fresh;4556;10
Cheese - Goat;4026;10
Table Cloth 90x90 Colour;1568;10
Tomatoes;848;15
Mustard - Individual Pkg;1929;15
Papayas;3283;21
Vinegar - Cider;2822;15
Soup - Campbells Mac N Cheese;817;10
Steamers White;2404;15
Beer - Blue Light;1315;10
Longos - Chicken Wings;4958;10
Clam Nectar;2335;10
Beef - Ox Tail, Frozen;880;10
Cheese - Cream Cheese;3267;21
Wasabi Powder;4006;21
Wine - Saint - Bris 2002, Sauv;6044;21
Sambuca - Ramazzotti;7575;10
Pate - Cognac;9789;15
Coke - Diet, 355 Ml;2098;15
Broom And Broom Rack White;6902;15
Muffins - Assorted;9948;10
Flavouring - Rum;9292;21
Beer - Mcauslan Apricot;7856;15
Beef - Kindney, Whole;5619;10
Bread Base - Goodhearth;9995;10
Towels - Paper / Kraft;9615;21
Wine - Spumante Bambino White;1376;10
Veal - Insides, Grains;7745;10
Napkin - Cocktail,beige 2 - Ply;2736;21
Sugar - Splenda Sweetener;1392;15
Soup - Canadian Pea, Dry Mix;7019;15
Cake - Night And Day Choclate;4219;15
Pork - Loin, Bone - In;3387;15
Lighter - Bbq;917;15
Cookie Dough - Chocolate Chip;1564;10
Sole - Fillet;1028;10
Vanilla Beans;2571;21
Bread - Rosemary Focaccia;4533;15
Yogurt - Blueberry, 175 Gr;2374;10
Squeeze Bottle;2286;21
Pasta - Fettuccine, Dry;7595;15
Bread - Multigrain Oval;5998;21
Veal - Loin;7639;15
Mortadella;3242;15
Beef - Ox Tongue;231;15
Cheese - Havarti, Salsa;7028;10
Tea Peppermint;8124;15
Table Cloth 81x81 Colour;3028;10
Spring Roll Wrappers;4996;10
Salmon - Sockeye Raw;2802;21
Wine - White, Antinore Orvieto;3909;15
Vinegar - Raspberry;3632;21
Cheese - Blue;6862;15
Juice - Orangina;2529;15
Plums - Red;4443;21
Bread - Frozen Basket Variety;2008;10
Cheese - Brie;6173;10
Cabbage - Savoy;9645;21
Olives - Green, Pitted;698;10
Wild Boar - Tenderloin;9349;21
Energy Drink - Franks Pineapple;884;15
Plasticspoonblack;3693;10
Crab - Meat Combo;3568;10
Grapes - Black;7441;10
Oranges;5919;10
Cookies - Oreo, 4 Pack;5973;21
Coffee Cup 12oz 5342cd;2528;15
Parsnip;984;15
Irish Cream - Baileys;9963;21
Nut - Pecan, Halves;6726;10
Syrup - Kahlua Chocolate;1285;21
Pasta - Angel Hair;6832;10
Trout - Rainbow, Frozen;1164;15
Eel - Smoked;6114;21
Juice - Pineapple, 48 Oz;1189;15
Wine - Red, Pelee Island Merlot;5185;21
Bread - Rosemary Focaccia;1000;21
Flour - Bran, Red;3749;21
Wild Boar - Tenderloin;7625;21
Roe - Flying Fish;6595;21
Flour - Semolina;2072;21
Wine - Cousino Macul Antiguas;1982;10
Beets - Mini Golden;7536;10
Chocolate Bar - Reese Pieces;2627;10
Chocolate - Unsweetened;8743;15
Compound - Mocha;8549;21
Lamb - Loin Chops;6019;15
Stainless Steel Cleaner Vision;1375;21
Lotus Rootlets - Canned;5100;10
Pasta - Orzo, Dry;2292;21
Split Peas - Green, Dry;4021;15
Flavouring - Rum;5920;21
Island Oasis - Magarita Mix;6572;21
Clementine;6528;21
Cheese - Blue;25;21
Chips - Miss Vickies;1081;15
Wine - Duboeuf Beaujolais;5248;10
Lobster - Live;113;10
Lettuce - California Mix;6556;21
Wine - Maipo Valle Cabernet;5042;21
Aromat Spice / Seasoning;4184;10
Soup - Campbells Broccoli;5962;21
Chocolate - Chips Compound;8709;21
Muffin Carrot - Individual;1751;21
Tray - 16in Rnd Blk;6915;10
Juice - Prune;9108;15
Wine - Peller Estates Late;190;21
Turkey - Breast, Double;8618;10
Soup - Knorr, Country Bean;4921;15
Soup - Knorr, Chicken Noodle;1584;15
Oven Mitt - 13 Inch;3930;10
Flower - Dish Garden;3949;10
Coconut Milk - Unsweetened;3230;15
Dragon Fruit;6975;10
Petite Baguette;9347;15
Beef - Sushi Flat Iron Steak;211;21
Cheese - Brie, Cups 125g;36;10
Cheese - Le Cheve Noir;4851;21
Oil - Canola;9343;15
Dasheen;5167;21
Puree - Strawberry;8732;21
Ham - Cooked Bayonne Tinned;1582;10
Sauce - Cranberry;1482;15
Carbonated Water - Strawberry;49;15
Sole - Dover, Whole, Fresh;2382;10
Soho Lychee Liqueur;7599;21
Mushroom - Shitake, Dry;9131;15
Breakfast Quesadillas;7946;21
Trout - Rainbow, Fresh;5105;10
Cheese - Le Cru Du Clocher;1834;21
Flavouring - Raspberry;7671;10
Ice Cream Bar - Hagen Daz;8128;21
Chilli Paste, Sambal Oelek;3603;21
Truffle Shells - White Chocolate;8917;10
Coffee - French Vanilla Frothy;2603;21
Shrimp - 16 - 20 Cooked, Peeled;8929;21
Pepper - Black, Crushed;5489;15
Pasta - Lasagne, Fresh;8048;21
Bread - Rolls, Rye;1341;21
Foil - Round Foil;2538;10
Bread - Olive;3560;21
Nut - Almond, Blanched, Whole;6375;21
Lobster - Tail 6 Oz;3830;21
Stock - Veal, White;7476;15
Muffin Mix - Raisin Bran;8798;21
Latex Rubber Gloves Size 9;8708;15
Beer - Moosehead;8831;21
Sauce Bbq Smokey;4469;15
Table Cloth 62x114 Colour;8474;10
Ocean Spray - Kiwi Strawberry;2949;21
Wine - Chardonnay Mondavi;855;15
Beer - Pilsner Urquell;4605;10
Cheese - Cheddar With Claret;2181;10
Jam - Blackberry, 20 Ml Jar;3112;15
Five Alive Citrus;4119;15
Potato - Sweet;7099;21
Cheese - Cheddar, Mild;5396;10
Steampan - Half Size Shallow;6351;21
Pork - Side Ribs;8508;15
Bagel - Ched Chs Presliced;3043;21
Venison - Liver;1118;21
Potatoes - Pei 10 Oz;3086;21
Pork - Bones;2845;15
Veal - Shank, Pieces;3148;10
Butter - Pod;6260;21
Chocolate - Milk Coating;4007;21
Beef - Tenderloin;274;10
Cake - Pancake;2433;15
Yucca;6940;10
Pear - Prickly;4593;15
Water - Aquafina Vitamin;7269;15
Sambuca - Opal Nera;2057;10
Lychee;8599;21
Syrup - Monin - Passion Fruit;2075;10
Pasta - Gnocchi, Potato;8672;21
Beer - Steamwhistle;3532;10
Veal - Brisket, Provimi,bnls;2267;21
Taro Leaves;8939;10
Peas - Frozen;8247;21
Yogurt - Peach, 175 Gr;8794;15
Liners - Baking Cups;7635;10
Thyme - Lemon, Fresh;6566;15
Cheese - Swiss;9312;10
Chivas Regal - 12 Year Old;5062;10
Pepper - Pablano;6555;15
Muffin Hinge Container 6;5918;21
Split Peas - Green, Dry;520;10
Flour - Bread;2556;15
Glass Clear 7 Oz Xl;7314;10
Chicken Breast Wing On;5529;10
Juice - Grapefruit, 341 Ml;9080;10
Fish - Artic Char, Cold Smoked;9356;21
Taro Leaves;7341;15
Trout - Smoked;6511;21
Pea - Snow;6810;15
Quail - Jumbo Boneless;1996;21
Wine - Prem Select Charddonany;1161;10
Mushroom - Shitake, Fresh;8741;21
Chestnuts - Whole,canned;1003;21
Water Chestnut - Canned;6896;21
Beef - Ground Lean Fresh;5288;15
Glass - Wine, Plastic, Clear 5 Oz;4146;21
Jam - Blackberry, 20 Ml Jar;5645;10
Bread - 10 Grain Parisian;6655;15
Pastry - Carrot Muffin - Mini;4988;21
Beer - Mill St Organic;7344;21
Versatainer Nc - 888;1828;21
Mushroom - Chantrelle, Fresh;4334;21
Vector Energy Bar;7845;15
Wakami Seaweed;8075;15
Jameson - Irish Whiskey;8528;21
Water - Spring 1.5lit;1542;21
Liqueur Banana, Ramazzotti;7337;21
True - Vue Containers;4376;10
Cleaner - Comet;7069;21
V8 - Tropical Blend;7237;15
Bread - Dark Rye, Loaf;6311;21
Vodka - Smirnoff;8253;21
Tendrils - Baby Pea, Organic;8423;21
Sage Ground Wiberg;9378;10
Pie Filling - Pumpkin;1961;21
Pie Pecan;8704;10
Shrimp, Dried, Small / Lb;1902;10
Sprouts Dikon;9324;21
Skewers - Bamboo;7451;15
Alize Gold Passion;6285;21
Jagermeister;2930;15
Bread - French Baquette;2624;10
Carrots - Jumbo;2154;15
Muffin - Banana Nut Individual;9157;10
Soup - Campbells Mushroom;2281;21
Baking Powder;749;21
Cherries - Maraschino,jar;7203;21
Sprite - 355 Ml;8622;10
Garlic - Elephant;4527;21
Coffee - Irish Cream;7999;15
Apple - Granny Smith;1487;10
Cattail Hearts;2083;15
Oil - Truffle, Black;8881;21
Creme De Menthe Green;9868;21
Cheese - Bakers Cream Cheese;4529;10
Wine - Magnotta, White;1776;15
Table Cloth 54x72 White;9917;21
Table Cloth 53x69 White;6948;10
Brandy Apricot;4666;10
Turkey - Breast, Bone - In;3367;10
Chocolate - Semi Sweet;2049;15
Wine - Alicanca Vinho Verde;697;10
Cookie - Oatmeal;3564;21
Bread - Italian Sesame Poly;8587;21
Bread - Sour Batard;2952;21
Pork - Butt, Boneless;1264;21
Vinegar - Cider;8826;10
Bread Roll Foccacia;5362;10
Buffalo - Striploin;2507;15
Garbag Bags - Black;4829;21
Ham - Cooked Bayonne Tinned;1405;21
Chilli Paste, Sambal Oelek;1964;10
Beef - Tender Tips;8528;15
Lamb Shoulder Boneless Nz;8187;10
Cake - Cake Sheet Macaroon;3823;15
Sauce - White, Mix;3569;15
Soup - Campbells Mushroom;5634;15
Artichoke - Fresh;1119;15
Clams - Littleneck, Whole;4093;21
Wine - Chianti Classica Docg;5078;21
Beans - Long, Chinese;1341;10
Buffalo - Tenderloin;7644;10
Ecolab - Balanced Fusion;3234;15
Lemonade - Strawberry, 591 Ml;7771;15
Wine - Vidal Icewine Magnotta;3547;15
Bagel - Everything;446;15
Brocolinni - Gaylan, Chinese;7542;10
Croissant, Raw - Mini;2860;21
Mince Meat - Filling;7041;15
Beer - True North Strong Ale;9700;10
Lid Tray - 12in Dome;965;15
Wine - Magnotta - Pinot Gris Sr;7505;15
Paper Cocktail Umberlla 80 - 180;7587;21
Cookies - Assorted;5196;21
Juice - Clamato, 341 Ml;1175;10
The Pop Shoppe Pinapple;5555;15
Tuna - Yellowfin;8440;15
Yeast - Fresh, Fleischman;6379;21
Bagelers - Cinn / Brown;3431;21
Bread - Raisin;5863;21
Vinegar - Balsamic, White;463;21
Veal - Slab Bacon;9502;10
Eggs - Extra Large;6829;21
Crackers - Trio;6384;21
Cheese - Mozzarella, Shredded;5578;21
Butter Sweet;2974;21
Cocoa Feuilletine;8480;21
Pepper - Paprika, Spanish;5336;10
Wine - Red, Concha Y Toro;8901;21
Wine - Jaboulet Cotes Du Rhone;2417;21
Bag - Clear 7 Lb;9163;10
Ham - Cooked;4870;10
Tia Maria;4488;10
Yogurt - Peach, 175 Gr;8676;15
Mop Head - Cotton, 24 Oz;189;21
Wine - Penfolds Koonuga Hill;8891;10
Cheese - St. Paulin;8502;15
Cheese - Fontina;7526;15
Wheat - Soft Kernal Of Wheat;7666;15
Tomatoes - Plum, Canned;1428;10
Sauce - Marinara;6397;15
Pepper - Orange;3175;15
Mussels - Frozen;357;21
Figs;5193;15
Cheese - Brie,danish;236;21
Tart Shells - Savory, 3;3065;21
Water - San Pellegrino;30;10
Lid - 3oz Med Rec;5244;15
Veal - Chops, Split, Frenched;2120;10
Dill - Primerba, Paste;3009;10
Smoked Paprika;2997;21
Wine - Magnotta - Red, Baco;4020;15
Beans - Soya Bean;5199;15
Broom - Push;2500;21
Juice - Ocean Spray Cranberry;2251;10
Rice - Basmati;6903;21
Bag - Regular Kraft 20 Lb;4208;10
Avocado;4261;21
Chilli Paste, Hot Sambal Oelek;867;15
Wine - White, Gewurtzraminer;1692;21
Mustard - Dijon;1988;21
Carbonated Water - Raspberry;1055;21
Veal - Brisket, Provimi, Bone - In;7294;21
Langers - Ruby Red Grapfruit;186;15
Olives - Morracan Dired;617;15
Persimmons;6660;10
Onions - Vidalia;6125;21
Cake - Dulce De Leche;6014;21
Trout - Smoked;7002;21
Lychee;4725;15
Napkin - Cocktail,beige 2 - Ply;1631;15
Scallops - Live In Shell;4282;15
Juice - Orange;3371;10
Pail With Metal Handle 16l White;5357;10
Beans - Green;3120;10
Kellogs Special K Cereal;5135;15
Beer - Upper Canada Lager;9944;10
Filter - Coffee;1683;15
Wine - Vineland Estate Semi - Dry;7168;10
Wine - Shiraz South Eastern;6243;10
Gelatine Leaves - Bulk;4727;21
Peas - Frozen;420;21
Beans - Navy, Dry;2899;10
Pear - Asian;4660;15
Mix - Cappucino Cocktail;9933;15
Tomatoes - Vine Ripe, Red;4857;21
C - Plus, Orange;8437;15
Sugar - Sweet N Low, Individual;4963;21
Lettuce - Baby Salad Greens;5132;15
Cake Circle, Paprus;6136;15
Versatainer Nc - 8288;6453;21
Wine - Bourgogne 2002, La;9628;21
Veal - Knuckle;5092;15
Radish - Pickled;9501;15
Wine - Red, Colio Cabernet;5526;10
Soup - Campbells Broccoli;5140;15
Sauce - Salsa;7043;10
Ham - Cooked;2391;21
Creme De Banane - Marie;507;10
Scallops - Live In Shell;9003;21
Capon - Whole;2585;10
Chinese Foods - Chicken Wing;2433;15
Cardamon Seed / Pod;7009;10
Rappini - Andy Boy;9821;21
Pastry - Plain Baked Croissant;1321;10
Cheese - Romano, Grated;7726;10
Juice - Apple, 500 Ml;8252;21
Wine - Niagara Peninsula Vqa;9517;15
Table Cloth 54x54 Colour;1258;21
Sauce - Sesame Thai Dressing;2339;10
Chips - Miss Vickies;6182;21
Puree - Mango;4246;15
Ham - Cooked Bayonne Tinned;5063;21
Buffalo - Striploin;2637;10
Muffin Chocolate Individual Wrap;3994;10
Compound - Orange;2638;10
Table Cloth 54x72 Colour;7473;10
Bar Nature Valley;3444;21
Hipnotiq Liquor;3921;10
Honey - Comb;8908;15
Sour Cream;4463;21
Cup - 6oz, Foam;5687;21
Beans - Fava Fresh;6869;15
Parasol Pick Stir Stick;9038;21
Ice Cream Bar - Oreo Sandwich;453;15
Soup - Cream Of Potato / Leek;5521;21
Cut Wakame - Hanawakaba;3527;21
Wine - Red, Black Opal Shiraz;7826;21
Beef - Striploin;4286;10
Lobster - Live;4922;15
Soup - Tomato Mush. Florentine;8488;21
Wine - Chablis 2003 Champs;9832;15
Nantucket Apple Juice;7801;15
Chicken - Diced, Cooked;8731;10
Nut - Almond, Blanched, Whole;2640;21
Rabbit - Saddles;1013;10
Tuna - Fresh;7521;21
Tea - Apple Green Tea;7469;21
Sage - Rubbed;2021;15
Mousse - Banana Chocolate;6758;21
Wine - Prosecco Valdobiaddene;1680;15
Corn - On The Cob;7018;10
Lentils - Red, Dry;4248;21
Cake Slab;529;15
Kiwi Gold Zespri;3211;15
Veal - Liver;9294;15
Juice - Apple, 1.36l;3095;15
Anchovy Fillets;9121;10
Sage Derby;723;15
Egg - Salad Premix;5145;10
Wakami Seaweed;6985;15
Wine - White, Schroder And Schyl;7004;15
Onions - Spanish;4424;10
Wine - Domaine Boyar Royal;140;10
Nantucket Cranberry Juice;6485;15
Sesame Seed Black;3711;10
Red Cod Fillets - 225g;1551;10
Celery;1346;15
True - Vue Containers;8551;10
Watercress;4756;15
Banana Turning;1085;15
Cheese - Victor Et Berthold;2206;15
Spice - Montreal Steak Spice;8647;10
Straw - Regular;7655;21
Basil - Fresh;6500;10
Numi - Assorted Teas;8314;10
Eggroll;5853;21
Dried Apple;7907;15
Sobe - Berry Energy;9566;21
Ice Cream - Chocolate;7654;10
Cabbage - Red;3516;21
Soup Campbells;9156;10
Chocolate - Compound Coating;140;21
Chips - Assorted;8143;10
Radish - Pickled;567;10
Nutmeg - Ground;5758;10
Beef - Sushi Flat Iron Steak;5869;10
Container - Clear 16 Oz;1190;21
Vector Energy Bar;4991;21
Grenadillo;7459;21
Wine - Vouvray Cuvee Domaine;6725;10
Beef - Top Sirloin - Aaa;4837;10
Muffin - Zero Transfat;6701;15
Nescafe - Frothy French Vanilla;9775;10
Beer - Blue;8949;21
Napkin White;5769;10
Rabbit - Whole;4557;21
Wine - Soave Folonari;6678;21
Cranberries - Dry;7386;21
Sea Bass - Fillets;9433;15
Salmon - Whole, 4 - 6 Pounds;8567;21
Peas Snow;7048;10
Alize Gold Passion;3227;10
Potatoes - Yukon Gold, 80 Ct;378;21
Pear - Asian;4222;21
Lamb - Rack;1329;10
Quail - Jumbo;505;21
Tart Shells - Barquettes, Savory;2544;21
Pasta - Lasagna Noodle, Frozen;8486;10
Potatoes - Yukon Gold, 80 Ct;9632;10
Bread - Pullman, Sliced;832;10
Lamb Rack Frenched Australian;6157;15
Red Pepper Paste;7496;21
Phyllo Dough;8162;10
Soup - French Onion, Dry;7314;21
Cake - Sheet Strawberry;8395;15
Wine - Jaboulet Cotes Du Rhone;566;15
Cheese - Wine;2853;10
Artichoke - Hearts, Canned;6328;15
Veal - Striploin;5800;15
Water - Mineral, Natural;6346;15
Mint - Fresh;7447;15
Coffee Decaf Colombian;6427;21
Truffle Shells - Semi - Sweet;5509;15
Nut - Hazelnut, Ground, Natural;6681;21
Tomatoes;9681;21
Juice - Cranberry, 341 Ml;7535;21
Tea - Decaf Lipton;7411;21
Mushroom - Portebello;6124;21
Beer - Blue;1954;10
Mayonnaise - Individual Pkg;9849;10
Veal - Brisket, Provimi, Bone - In;2631;10
Oil - Truffle, White;5759;15
Veal - Leg;9169;10
Truffle Paste;5137;10
Wine - Trimbach Pinot Blanc;361;10
Spice - Pepper Portions;9608;10
Lamb - Rack;8907;10
Beer - Blue;7243;15
Tea - Lemon Scented;9020;15
Ginger - Pickled;3370;15
Pepper - White, Ground;15;21
Beer - Muskoka Cream Ale;305;21
Pork Salted Bellies;5166;10
Ice Cream Bar - Rolo Cone;6007;15
Tea - Lemon Scented;7139;15
Beer - Maudite;1879;21
Cheese - Bocconcini;7816;15
Rabbit - Legs;8486;15
Bagel - Everything;274;15
Magnotta - Bel Paese White;982;10
Grouper - Fresh;1889;15
Water - Mineral, Carbonated;1918;10
Mushroom - King Eryingii;2852;10
Bread Base - Goodhearth;5846;10
Lid Coffee Cup 8oz Blk;7850;10
Beans - Soya Bean;2748;15
Onion Powder;7179;15
Trueblue - Blueberry;9480;21
Cheese - Parmesan Cubes;470;15
Juice - V8 Splash;2054;21
Tart Shells - Barquettes, Savory;7616;10
Soup - Campbells Bean Medley;6472;21
Wine - Ruffino Chianti;2056;15
Couscous;7518;21
Stainless Steel Cleaner Vision;6027;21
Cup - 8oz Coffee Perforated;3864;21
Pancetta;3076;15
Seedlings - Mix, Organic;3625;10
Swiss Chard - Red;48;21
Chickhen - Chicken Phyllo;6868;15
Soup - Campbells, Beef Barley;1448;10
Lemon Tarts;4370;10
Dasheen;9938;10
Coffee Cup 16oz Foam;4040;10
Tea - Apple Green Tea;6199;15
Sobe - Lizard Fuel;1733;10
Lettuce - Green Leaf;4397;10
Steam Pan - Half Size Deep;7731;15
Salmon - Atlantic, Fresh, Whole;1203;15
Juice - Tomato, 48 Oz;2738;15
Ecolab - Mikroklene 4/4 L;8316;10
Mcguinness - Blue Curacao;2068;15
Hersey Shakes;8465;15
Yokaline;5132;21
Heavy Duty Dust Pan;7851;15
Ezy Change Mophandle;5125;15
Tea - Grapefruit Green Tea;6903;21
Vinegar - Raspberry;9123;21
Shrimp - 31/40;5411;15
Fish - Scallops, Cold Smoked;556;15
Stock - Beef, White;8272;15
Potatoes - Mini White 3 Oz;7952;10
Extract Vanilla Pure;3428;21
Wine - Cotes Du Rhone Parallele;3277;15
Potatoes - Pei 10 Oz;5228;21
Rabbit - Whole;1334;10
Cookie Choc;3643;15
Hand Towel;352;21
Bread - Mini Hamburger Bun;8984;10
Kumquat;215;21
Spinach - Baby;5390;15
Extract Vanilla Pure;6812;21
Cloves - Whole;9704;10
Shrimp - Tiger 21/25;578;10
Cheese - St. Paulin;8229;21
Snapple Raspberry Tea;4463;21
Sauce Bbq Smokey;2718;15
Wine - White, Riesling, Henry Of;985;21
Chips - Doritos;1185;10
Pastry - Cherry Danish - Mini;7159;15
Wine - Sherry Dry Sack, William;1520;10
Wine - Saint - Bris 2002, Sauv;7693;15
Lemonade - Mandarin, 591 Ml;1445;15
Laundry - Bag Cloth;4030;15
Compound - Passion Fruit;3938;15
Longos - Lasagna Beef;5704;10
Clams - Canned;9196;10
Tamarind Paste;2109;10
Onions - Pearl;2102;21
Devonshire Cream;7959;10
Beans - Butter Lrg Lima;9682;15
Sambuca - Ramazzotti;8102;10
Extract - Raspberry;9355;15
Crush - Orange, 355ml;6155;15
Rice - 7 Grain Blend;8532;15
Thyme - Dried;3249;10
Sugar - Icing;4662;21
Port - 74 Brights;9029;15
Pork Salted Bellies;9912;15
Mussels - Frozen;69;15
Shrimp - Baby, Cold Water;7622;15
Croissants Thaw And Serve;9681;10
Tea - Orange Pekoe;9270;21
Cup - 3.5oz, Foam;2047;10
Pastry - Chocolate Marble Tea;6715;21
Wine - Ej Gallo Sonoma;4485;15
Food Colouring - Green;8916;15
Tart Shells - Savory, 2;8693;21
Chicken - Soup Base;9209;21
Oil - Truffle, Black;4213;21
The Pop Shoppe - Grape;8430;15
Sage - Ground;3935;10
Pasta - Fett Alfredo, Single Serve;9052;21
Anisette - Mcguiness;8190;10
Eggs - Extra Large;2925;15
Pork Loin Cutlets;5770;15
Mudslide;2807;15
Shrimp - 16/20, Peeled Deviened;3659;10
Papayas;6299;10
Table Cloth 54x54 White;7590;21
Tart - Pecan Butter Squares;5677;15
Wine - Spumante Bambino White;448;10
Wine - Magnotta - Cab Sauv;4735;10
Pasta - Lasagna, Dry;4756;10
Cookie - Oatmeal;568;21
Veal - Slab Bacon;7664;15
Beef - Rouladin, Sliced;968;10
Fish - Atlantic Salmon, Cold;3360;21
Cup - Paper 10oz 92959;9396;15
Island Oasis - Sweet And Sour Mix;2428;15
Steam Pan - Half Size Deep;6930;10
Gatorade - Fruit Punch;5907;15
Cinnamon - Ground;1932;10
Campari;9906;15
Pork Casing;8387;15
Snapple - Iced Tea Peach;49;10
Flax Seed;3470;15
Carrots - Jumbo;3597;15
Capicola - Hot;6828;15
Salmon - Canned;877;21
Bread Bowl Plain;9861;10
Coffee - Almond Amaretto;4351;21
Pork Casing;4022;10
Fish - Bones;3665;10
Tea - English Breakfast;5;15
Neckerchief Blck;2109;21
Chick Peas - Dried;8853;21
Soup - Campbells Broccoli;9701;10
Ecolab Digiclean Mild Fm;2507;21
Cheese - Stilton;2421;15
Beans - Kidney, Red Dry;5629;21
Grouper - Fresh;3271;15
Sauce - Mint;5302;21
Raisin - Golden;2205;21
Pepper - Black, Whole;2197;15
Capers - Ox Eye Daisy;5803;10
Glucose;3325;21
Syrup - Kahlua Chocolate;1338;15
Onions - Dried, Chopped;7120;21
Miso Paste White;5460;10
Food Colouring - Red;2019;10
Bar Bran Honey Nut;5583;21
Wine - Red, Concha Y Toro;1949;10
Beer - Upper Canada Light;316;21
Peas - Pigeon, Dry;2454;21
Cleaner - Bleach;5670;21
Squid - Breaded;943;15
Tray - 16in Rnd Blk;3736;21
Cheese - Stilton;1331;21
Pork Casing;132;10
Apricots Fresh;791;21
Salsify, Organic;6937;10
Cornish Hen;9491;10
Whmis Spray Bottle Graduated;5867;15
Mortadella;4823;21
Everfresh Products;6433;15
Beef - Ox Tail, Frozen;3973;21
Appetizer - Mango Chevre;9954;15
Beef - Diced;3576;15
Energy - Boo - Koo;4298;10
Trueblue - Blueberry Cranberry;3382;10
Grapefruit - White;9673;10
Chips - Doritos;3154;21
Sprouts - Brussel;8686;15
Corn Syrup;1346;15
Spinach - Packaged;8165;10
Flavouring - Rum;3731;15
Pecan Raisin - Tarts;5082;21
Cranberry Foccacia;4825;21
Nut - Almond, Blanched, Sliced;2118;21
Chinese Foods - Chicken;6650;10
Syrup - Pancake;425;15
Lumpfish Black;2729;21
Bagelers - Cinn / Brown;665;21
Oil - Cooking Spray;2526;21
Zucchini - Yellow;1523;15
Lettuce - California Mix;4281;15
Bread - Burger;2729;10
Mix Pina Colada;1910;21
Tomato Puree;5022;15
Beans - Kidney, Red Dry;7110;15
Wine - Ruffino Chianti;9439;15
Lamb - Shoulder, Boneless;8133;15
Artichoke - Bottom, Canned;2240;10
Mustard - Dry, Powder;7819;15
Juice - Grapefruit, 341 Ml;3221;15
Beef - Ox Tongue;8554;10
Cookies - Oreo, 4 Pack;9114;21
Onions - Dried, Chopped;3522;21
Lettuce - Romaine;943;15
Water - Mineral, Natural;8914;21
Wine - Cousino Macul Antiguas;1441;15
Filling - Mince Meat;430;21
Broom And Broom Rack White;3133;10
Cherries - Frozen;6482;15
Chick Peas - Canned;7131;10
Table Cloth 54x54 Colour;3708;15
Dried Peach;6993;10
Salmon - Fillets;4764;15
Pasta - Ravioli;6224;15
Instant Coffee;9240;10
Plate Pie Foil;8174;21
Lettuce - Red Leaf;3291;10
Onions - Red;3380;15
Containter - 3oz Microwave Rect.;8477;15
Bread - 10 Grain;2945;10
Chicken Breast Halal;5484;15
Scallops 60/80 Iqf;3934;15
Bread - Sour Batard;1947;21
Veal - Brisket, Provimi,bnls;7913;15
Oil - Cooking Spray;4174;21
Island Oasis - Sweet And Sour Mix;8616;21
Beef - Bones, Cut - Up;5906;15
Island Oasis - Cappucino Mix;1812;15
Mushroom - White Button;4282;15
Sauce - Hoisin;3187;15
Beans - Black Bean, Canned;3687;21
Oven Mitts 17 Inch;6454;10
Energy Drink Red Bull;1817;15
Extract - Lemon;5723;10
Halibut - Fletches;9693;10
Pickle - Dill;8292;21
Juice - Clam, 46 Oz;459;21
Yogurt - Raspberry, 175 Gr;7655;21
Tomatoes - Grape;2634;21
Beer - Mcauslan Apricot;4101;15
Cookies - Fortune;2000;21
Beets - Candy Cane, Organic;513;21
Turkey Tenderloin Frozen;1981;21
Puree - Mango;6483;15
Lid Tray - 12in Dome;3271;10
Kellogs Raisan Bran Bars;868;10
Chocolate - Milk Coating;8736;10
Mayonnaise;9184;21
Nestea - Ice Tea, Diet;4428;21
Bagelers;8785;21
Bar Bran Honey Nut;76;10
Puree - Strawberry;5740;21
Pepper - Chillies, Crushed;5330;10
Kumquat;3441;21
Jam - Raspberry;2601;21
Yogurt - French Vanilla;7947;21
Mangostein;5127;21
Table Cloth 72x144 White;6245;10
Beef Dry Aged Tenderloin Aaa;6167;15
Wine - Red, Cabernet Sauvignon;6564;10
Lentils - Green, Dry;1533;15
Lid - Translucent, 3.5 And 6 Oz;2973;10
Bandage - Finger Cots;4668;21
English Muffin;5987;10
Bagels Poppyseed;8155;21
Rice - 7 Grain Blend;9890;10
Tart Shells - Sweet, 4;8777;10
Coffee - Beans, Whole;6677;10
Appetizer - Smoked Salmon / Dill;2479;21
Aromat Spice / Seasoning;7115;15
Crush - Grape, 355 Ml;3728;21
Crackers - Water;2335;10
Bread - Raisin Walnut Oval;8956;15
Cherries - Fresh;3729;21
Oil - Sesame;1820;21
Pecan Raisin - Tarts;8591;10
Beer - Steamwhistle;5987;15
Squid - U 5;5822;15
Energy Drink Red Bull;5986;15
Miso Paste White;6470;10
Bread Fig And Almond;4533;15
Cheese - Taleggio D.o.p.;4337;21
Tea - Herbal Orange Spice;4984;15
Table Cloth 144x90 White;9957;21
Sponge Cake Mix - Vanilla;5342;21
Veal - Leg, Provimi - 50 Lb Max;5540;15
Sugar - Icing;8783;21
Pears - Fiorelle;6848;21
Juice - Apple Cider;9212;10
Beer - Moosehead;1978;10
Wine - Kwv Chenin Blanc South;9359;10
French Pastry - Mini Chocolate;2158;21
Arizona - Green Tea;5852;15
Browning Caramel Glace;6634;21
Sugar - White Packet;8289;10
Wine - Harrow Estates, Vidal;6862;15
Sesame Seed Black;7490;15
Fudge - Chocolate Fudge;2366;15
Cut Wakame - Hanawakaba;9732;10
Chocolate - Milk;6721;21
Wine - Duboeuf Beaujolais;6697;10
Cookie Dough - Chocolate Chip;9552;10
Cookie Dough - Peanut Butter;3656;21
Pie Shell - 5;9544;10
Beer - Original Organic Lager;4980;10
Crush - Orange, 355ml;5927;15
Beans - Green;1540;21
Cheese - Montery Jack;3229;21
Pike - Frozen Fillet;4643;10
Ice Cream - Chocolate;6079;21
Sour Puss Raspberry;6124;21
Lady Fingers;8082;21
Cake - Miini Cheesecake Cherry;4450;21
Mountain Dew;249;10
The Pop Shoppe - Lime Rickey;7878;15
Ice Cream Bar - Oreo Cone;2864;15
Gherkin - Sour;3416;21
Mayonnaise - Individual Pkg;3566;10
Nantucket - Pomegranate Pear;6100;10
Cheese - Le Cru Du Clocher;6662;15
Garlic Powder;7267;21
Wine - Fat Bastard Merlot;9896;10
Soup - Campbells, Lentil;8230;15
Teriyaki Sauce;9451;10
Wine - White Cab Sauv.on;6732;15
Soup - Cream Of Potato / Leek;1212;10
Sugar - Palm;4719;10
Quail Eggs - Canned;1077;21
Lemon Grass;1067;21
Dish Towel;3294;10
Stock - Beef, White;7063;10
Bread - Multigrain;9354;10
Pickles - Gherkins;635;10
Syrup - Monin, Amaretta;4358;21
Creme De Cacao Mcguines;8598;21
Oil - Avocado;3773;21
Langers - Mango Nectar;3391;15
Appetizer - Tarragon Chicken;4590;15
Sobe - Orange Carrot;2125;15
Pasta - Rotini, Dry;2676;21
Steel Wool;5267;10
Food Colouring - Red;6826;21
Tomatoes - Cherry;8312;15
Sprouts - China Rose;5886;10
Wine - Chateau Timberlay;8352;10
Thermometer Digital;1557;15
Appetizer - Asian Shrimp Roll;255;10
Muffin Mix - Raisin Bran;7037;21
Olives - Black, Pitted;1967;10
Mussels - Cultivated;482;21
Wine - Soave Folonari;4367;21
Bread - Pita;920;10
Blueberries - Frozen;9772;21
Oil - Coconut;2842;21
Cheese - Fontina;7104;21
Rabbit - Frozen;3832;15
Soup - Knorr, Chicken Noodle;9751;21
Sage Derby;8070;10
Turkey - Breast, Boneless Sk On;5231;15
Canada Dry;1366;15
Extract - Raspberry;1880;15
Bacardi Breezer - Strawberry;3426;15
Green Tea Refresher;9232;10
Chocolate - Sugar Free Semi Choc;3007;10
Tea Peppermint;111;21
Pop Shoppe Cream Soda;3730;21
Appetizer - Chicken Satay;4581;10
Godiva White Chocolate;914;21
Mahi Mahi;5980;21
Gelatine Powder;4230;15
Cheese - Sheep Milk;4682;10
Longos - Greek Salad;3799;21
Ecolab Silver Fusion;8623;21
Tea - Grapefruit Green Tea;1582;21
Muffin - Mix - Creme Brule 15l;5102;10
Rappini - Andy Boy;3102;10
Mushroom - Enoki, Fresh;8750;10
Soup - Campbells, Minestrone;7226;15
Kale - Red;4430;10
Muffin Mix - Raisin Bran;5908;15
Pork - Tenderloin, Frozen;8418;10
Skirt - 24 Foot;8330;21
Blueberries - Frozen;4903;21
Salt - Sea;7352;21
Wakami Seaweed;9237;15
Bread - Assorted Rolls;1351;21
Yoplait - Strawbrasp Peac;7537;15
Asparagus - Green, Fresh;7701;10
Wine - Stoneliegh Sauvignon;3078;10
Soup - Knorr, French Onion;9422;15
Sping Loaded Cup Dispenser;4974;21
Ice Cream - Vanilla;2982;10
Beef - Tenderlion, Center Cut;9720;15
Bread Crumbs - Panko;5224;10
Cabbage - Red;2007;21
Pan Grease;529;21
Rice - 7 Grain Blend;5521;21
Marzipan 50/50;4141;15
Sauce Tomato Pouch;277;10
Pasta - Rotini, Colour, Dry;8625;10
Tea - Decaf 1 Cup;5407;10
Pimento - Canned;8676;15
Wine - Alsace Riesling Reserve;9052;15
Coffee - Frthy Coffee Crisp;4691;10
Sauerkraut;9321;10
Cheese - Provolone;5856;10
Soup - Knorr, French Onion;8366;15
Cheese - Swiss Sliced;5887;10
Wine - Niagara,vqa Reisling;2103;10
Loaf Pan - 2 Lb, Foil;3997;21
Fond - Chocolate;139;21
Kiwano;2829;10
The Pop Shoppe Pinapple;2439;15
Taro Root;8807;21
V8 - Berry Blend;3770;10
Puree - Guava;5453;21
Wine - Savigny - Les - Beaune;9724;15
Juice - Apple, 500 Ml;7941;15
Bananas;5296;10
Wine - Carmenere Casillero Del;4704;15
Coffee - Dark Roast;5451;21
Steampan - Foil;6975;21
Table Cloth 62x114 White;6942;10
Island Oasis - Raspberry;8444;10
Marjoram - Fresh;1499;21
Hold Up Tool Storage Rack;6813;21
Tomatoes - Heirloom;5733;10
Wine - Wyndham Estate Bin 777;6355;15
Cheese - Mix;1536;15
Cake - Cheese Cake 9 Inch;821;15
Basil - Fresh;7067;21
Wine - Cava Aria Estate Brut;4847;15
Wine - Alsace Riesling Reserve;507;15
Beef - Tenderloin;5865;15
Cleaner - Pine Sol;8144;15
Nori Sea Weed;4793;21
Passion Fruit;3289;15
Corn - Cream, Canned;6144;21
Cookie - Oreo 100x2;7417;21
Coconut - Creamed, Pure;739;21
Beer - Maudite;6270;15
Tomatoes - Orange;4338;10
Apron;1262;15
Truffle Cups - White Paper;4409;10
Tomatoes - Vine Ripe, Red;3264;15
Strawberries;5850;21
Lid Tray - 16in Dome;409;21
Coconut - Whole;416;21
Glycerine;6601;15
Fond - Neutral;7308;21
Grouper - Fresh;1270;10
Teriyaki Sauce;4465;21
Soup - Knorr, French Onion;9884;10
Tofu - Soft;2427;10
Artichokes - Knobless, White;6316;15
Oil - Grapeseed Oil;4610;10
Sobe - Tropical Energy;9669;21
Coffee - Decaffeinato Coffee;1842;15
Carrots - Mini Red Organic;118;21
Turnip - White, Organic;9298;15
Oil - Safflower;5504;10
Quinoa;9167;10
Ham - Smoked, Bone - In;8426;15
Crab - Soft Shell;2943;21
Lemonade - Black Cherry, 591 Ml;3199;15
Beer - Moosehead;9688;10
Rice - Sushi;5380;21
Wine - Black Tower Qr;7640;21
Yogurt - Plain;2723;15
Bread - Bistro White;3924;21
Bacardi Mojito;6867;10
Mikes Hard Lemonade;6585;10
Scallops - Live In Shell;1336;15
Pepper - Paprika, Spanish;7862;10
Snapple - Iced Tea Peach;342;10
Vinegar - Red Wine;2164;10
Pastry - Baked Scones - Mini;7912;21
Cactus Pads;943;21
Radish - Black, Winter, Organic;2067;21
Jam - Strawberry, 20 Ml Jar;2041;21
Cloves - Ground;4268;10
Arizona - Green Tea;1075;21
Cheese - Mix;4051;10
Tobasco Sauce;6333;15
Pork Salted Bellies;9777;21
Nantucket - Orange Mango Cktl;2302;21
Bread - Petit Baguette;4252;10
Apricots - Dried;7093;10
Puree - Strawberry;5765;21
Coconut - Shredded, Sweet;8618;21
Wine - Saint Emilion Calvet;7335;21
Garlic - Elephant;2504;15
Pasta - Orzo, Dry;9665;21
Egg Patty Fried;688;15
Oil - Coconut;6703;21
Fennel - Seeds;761;15
Beer - Molson Excel;3271;10
Steam Pan Full Lid;9451;15
Juice - V8, Tomato;3764;21
Potatoes - Pei 10 Oz;9491;21
Sugar - Individual Portions;3717;10
White Baguette;7368;10
Langers - Cranberry Cocktail;8955;15
Pasta - Ravioli;4951;21
French Pastries;26;15
Cheese - Asiago;4998;15
Tomatoes - Vine Ripe, Red;7816;21
Nori Sea Weed;8606;15
Veal - Heart;5736;15
Lettuce - Red Leaf;3349;10
Bread - Calabrese Baguette;7574;15
Lemonade - Natural, 591 Ml;2713;15
Bagel - Everything Presliced;4326;21
Rabbit - Whole;8892;10
Nut - Almond, Blanched, Whole;6831;15
Fish - Bones;103;10
Passion Fruit;9143;21
Pastry - Carrot Muffin - Mini;3189;21
Lamb Leg - Bone - In Nz;4663;10
Pasta - Cannelloni, Sheets, Fresh;1699;15
Nacho Chips;7885;10
Lotus Rootlets - Canned;3310;15
Chevril;1803;15
Cornish Hen;9742;21
Magnotta Bel Paese Red;1543;10
Plasticspoonblack;5013;10
Pastry - Baked Scones - Mini;7698;10
Hand Towel;1963;21
Juice - Clam, 46 Oz;5797;21
Bread - Corn Muffaleta Onion;6187;10
Juice - Orange, Concentrate;3016;10
Sour Puss Raspberry;3713;21
Pumpkin;3549;21
Wine - Rubyport;2492;15
Table Cloth 81x81 White;5214;21
Flour - Cake;7374;10
Long Island Ice Tea;7701;21
Cookie Dough - Double;3305;10
Frangelico;2912;15
Nut - Pumpkin Seeds;2907;15
Rum - Light, Captain Morgan;3941;10
Cafe Royale;6096;21
